1,12300,112311,14:15Hrs,06-02-2019,Stephen Johnson,DIABETIC FOOD CLINIC,EMERGENCY CHEST PAIN UNIT,loc_1,286036D,W0081625,10
2,12300,112312,13:15Hrs,07-02-2019,Stephen Johnson,CARDIOLOGY,SILVER GATE,loc_2,286037D,W0081626,0
3,12300,112313,12:15Hrs,08-02-2019,Stephen Johnson,NEPHROLOGY,MAIN OPD,loc_3,386037D,W0081627,0
4,12300,112314,11:15Hrs,09-02-2019,Stephen Johnson,HAEMATOLOGY,BLOOD COLLECTION AREA,loc_4,486037D,W0081628,0
5,12300,112315,10:15Hrs,10-02-2019,Stephen Johnson,DERMATOLOGY,ISSCC BUILDING,loc_5,586037D,W0081629,0
6,12301,112316,9:15Hrs,11-02-2019,Ricky Ponting,INTEGRATED DIABETIC FOOD CLINIC,MAIN EMERGENCY,loc_6,686037D,W0081630,14
7,12301,112317,8:15Hrs,12-02-2019,Ricky Ponting,CARDIOLOGY,PMR BUILDING,loc_7,786037D,W0081631,0
8,12301,112318,15:15Hrs,13-02-2019,Ricky Ponting,NEPHROLOGY,A WARD,loc_8,886037D,W0081632,0
9,12302,112319,16:15Hrs,14-02-2019,John Taits,HAEMATOLOGY,WILLIAMS BUILDING,loc_9,986037D,W0081633,9
10,12302,112320,17:15Hrs,15-02-2019,John Taits,DERMATOLOGY,EMERGENCY CHEST PAIN UNIT,loc_1,1086037D,W0081634,0
11,12302,112321,18:15Hrs,16-02-2019,John Taits,INTEGRATED DIABETIC FOOD CLINIC,SILVER GATE,loc_2,1186037D,W0081635,0
12,12302,112322,19:15Hrs,17-02-2019,John Taits,CARDIOLOGY,MAIN OPD,loc_3,1286037D,W0081636,0
13,12303,112323,20:15Hrs,18-02-2019,Jonty Rhodes,NEPHROLOGY,BLOOD COLLECTION AREA,loc_4,1386037D,W0081637,12
14,12303,112324,21:15Hrs,19-02-2019,Jonty Rhodes,HAEMATOLOGY,ISSCC BUILDING,loc_5,1486037D,W0081638,0
15,12304,112325,22:15Hrs,20-02-2019,Michael Pheleps,DERMATOLOGY,MAIN EMERGENCY,loc_6,1586037D,W0081639,14
16,12304,112326,23:15Hrs,21-02-2019,Michael Pheleps,INTEGRATED DIABETIC FOOD CLINIC,PMR BUILDING,loc_7,1686037D,W0081640,0
17,12304,112327,14:35Hrs,22-02-2019,Michael Pheleps,CARDIOLOGY,A WARD,loc_8,1786037D,W0081641,0
18,12304,112328,15:45Hrs,23-02-2019,Michael Pheleps,NEPHROLOGY,WILLIAMS BUILDING,loc_9,1886037D,W0081642,0
19,12304,112329,10:55Hrs,24-02-2019,Michael Pheleps,HAEMATOLOGY,EMERGENCY CHEST PAIN UNIT,loc_1,1986037D,W0081643,0
